{"proxies":{"ti.bottomsheet.BottomSheetProxy":{"superPackageName":"org.appcelerator.titanium.proxy","methods":{"hide":{"runOnUiThread":false,"hasInvocation":false,"args":[{"converter":"org.appcelerator.kroll.KrollConverter","defaultValueProvider":"org.appcelerator.kroll.KrollConverter","name":"options","optional":true,"sourceName":"options","type":"java.util.HashMap"}],"apiName":"hide","converter":"org.appcelerator.kroll.KrollConverter","defaultValueProvider":"org.appcelerator.kroll.KrollConverter","name":"__default_name__","returnType":"void"},"show":{"runOnUiThread":false,"hasInvocation":false,"args":[{"converter":"org.appcelerator.kroll.KrollConverter","defaultValueProvider":"org.appcelerator.kroll.KrollConverter","name":"options","optional":true,"sourceName":"options","type":"java.util.HashMap"}],"apiName":"show","converter":"org.appcelerator.kroll.KrollConverter","defaultValueProvider":"org.appcelerator.kroll.KrollConverter","name":"__default_name__","returnType":"void"},"toggle":{"runOnUiThread":false,"hasInvocation":false,"args":[],"apiName":"toggle","converter":"org.appcelerator.kroll.KrollConverter","defaultValueProvider":"org.appcelerator.kroll.KrollConverter","name":"__default_name__","returnType":"void"},"close":{"runOnUiThread":false,"hasInvocation":false,"args":[{"converter":"org.appcelerator.kroll.KrollConverter","defaultValueProvider":"org.appcelerator.kroll.KrollConverter","name":"options","optional":true,"sourceName":"options","type":"java.util.HashMap"}],"apiName":"close","converter":"org.appcelerator.kroll.KrollConverter","defaultValueProvider":"org.appcelerator.kroll.KrollConverter","name":"__default_name__","returnType":"void"},"open":{"runOnUiThread":false,"hasInvocation":false,"args":[{"converter":"org.appcelerator.kroll.KrollConverter","defaultValueProvider":"org.appcelerator.kroll.KrollConverter","name":"options","optional":true,"sourceName":"options","type":"java.util.HashMap"}],"apiName":"open","converter":"org.appcelerator.kroll.KrollConverter","defaultValueProvider":"org.appcelerator.kroll.KrollConverter","name":"__default_name__","returnType":"void"}},"dynamicProperties":{"nestedScrolling":{"set":true,"nativeConverter":"org.appcelerator.kroll.KrollConverter","getMethodName":"nestedScrolling","setMethodName":"nestedScrolling","setMethodArgs":[{"converter":"org.appcelerator.kroll.KrollConverter","defaultValueProvider":"org.appcelerator.kroll.KrollConverter","name":"value","sourceName":"value","type":"boolean"}],"setDefaultProviders":["org.appcelerator.kroll.KrollConverter"],"converter":"org.appcelerator.kroll.KrollConverter","defaultValueProvider":"org.appcelerator.kroll.KrollConverter","retain":true,"javascriptConverter":"org.appcelerator.kroll.KrollConverter","getHasInvocation":false,"runOnUiThread":false,"getMethodArgs":[],"getReturnType":"boolean","setReturnType":"void","get":true,"name":"nestedScrolling","setHasInvocation":false,"getDefaultProviders":[]}},"superProxyBindingClassName":"org.appcelerator.titanium.proxy.TiViewProxyBindingGen","proxyClassName":"BottomSheetProxy","proxyAttrs":{"propertyAccessors":["peakHeight"],"fullAPIName":"TiBottomsheet.BottomSheet","name":"BottomSheet","proxyClassName":"ti.bottomsheet.BottomSheetProxy","isTopLevel":false,"id":"ti.bottomsheet.BottomSheetProxy","creatableInModule":"ti.bottomsheet.TiBottomsheetModule","parentModule":"org.appcelerator.kroll.annotations.Kroll.DEFAULT"},"packageName":"ti.bottomsheet","sourceName":"ti.bottomsheet.BottomSheetProxyBindingGen","isTitaniumSdk":false,"superProxyClassName":"TiViewProxy","isModule":false,"genClassName":"BottomSheetProxyBindingGen"},"ti.bottomsheet.BottomSheetDialogProxy":{"superPackageName":"org.appcelerator.titanium.proxy","methods":{"show":{"runOnUiThread":false,"hasInvocation":false,"args":[{"converter":"org.appcelerator.kroll.KrollConverter","defaultValueProvider":"org.appcelerator.kroll.KrollConverter","name":"options","optional":true,"sourceName":"options","type":"java.util.HashMap"}],"apiName":"show","converter":"org.appcelerator.kroll.KrollConverter","defaultValueProvider":"org.appcelerator.kroll.KrollConverter","name":"__default_name__","returnType":"void"},"open":{"runOnUiThread":false,"hasInvocation":false,"args":[{"converter":"org.appcelerator.kroll.KrollConverter","defaultValueProvider":"org.appcelerator.kroll.KrollConverter","name":"options","optional":true,"sourceName":"options","type":"java.util.HashMap"}],"apiName":"open","converter":"org.appcelerator.kroll.KrollConverter","defaultValueProvider":"org.appcelerator.kroll.KrollConverter","name":"__default_name__","returnType":"void"}},"superProxyBindingClassName":"org.appcelerator.titanium.proxy.TiViewProxyBindingGen","proxyClassName":"BottomSheetDialogProxy","proxyAttrs":{"propertyAccessors":["peakHeight"],"fullAPIName":"TiBottomsheet.BottomSheetDialog","name":"BottomSheetDialog","proxyClassName":"ti.bottomsheet.BottomSheetDialogProxy","isTopLevel":false,"id":"ti.bottomsheet.BottomSheetDialogProxy","creatableInModule":"ti.bottomsheet.TiBottomsheetModule","parentModule":"org.appcelerator.kroll.annotations.Kroll.DEFAULT"},"packageName":"ti.bottomsheet","sourceName":"ti.bottomsheet.BottomSheetDialogProxyBindingGen","isTitaniumSdk":false,"superProxyClassName":"TiViewProxy","isModule":false,"genClassName":"BottomSheetDialogProxyBindingGen"},"ti.bottomsheet.TiBottomsheetModule":{"superPackageName":"org.appcelerator.kroll","superProxyBindingClassName":"org.appcelerator.kroll.KrollModuleBindingGen","proxyClassName":"TiBottomsheetModule","proxyAttrs":{"propertyAccessors":[],"fullAPIName":"TiBottomsheet","name":"TiBottomsheet","proxyClassName":"ti.bottomsheet.TiBottomsheetModule","isTopLevel":false,"id":"ti.bottomsheet"},"packageName":"ti.bottomsheet","sourceName":"ti.bottomsheet.TiBottomsheetModuleBindingGen","constants":{"STATE_OPEN":{"proxyName":"STATE_OPEN","name":"STATE_OPEN","type":"int","value":3},"STATE_PEAK":{"proxyName":"STATE_PEAK","name":"STATE_PEAK","type":"int","value":4},"STATE_CLOSE":{"proxyName":"STATE_CLOSE","name":"STATE_CLOSE","type":"int","value":5},"STATE_SLIDING":{"proxyName":"STATE_SLIDING","name":"STATE_SLIDING","type":"int","value":2},"STATE_DRAGGING":{"proxyName":"STATE_DRAGGING","name":"STATE_DRAGGING","type":"int","value":1}},"isTitaniumSdk":false,"superProxyClassName":"KrollModule","isModule":true,"genClassName":"TiBottomsheetModuleBindingGen","onAppCreate":"onAppCreate"}},"modules":{"ti.bottomsheet.TiBottomsheetModule":{"apiName":"TiBottomsheet","createProxies":[{"propertyAccessors":["peakHeight"],"fullAPIName":"TiBottomsheet.BottomSheetDialog","name":"BottomSheetDialog","proxyClassName":"ti.bottomsheet.BottomSheetDialogProxy","isTopLevel":false,"id":"ti.bottomsheet.BottomSheetDialogProxy","creatableInModule":"ti.bottomsheet.TiBottomsheetModule","parentModule":"org.appcelerator.kroll.annotations.Kroll.DEFAULT"},{"propertyAccessors":["peakHeight"],"fullAPIName":"TiBottomsheet.BottomSheet","name":"BottomSheet","proxyClassName":"ti.bottomsheet.BottomSheetProxy","isTopLevel":false,"id":"ti.bottomsheet.BottomSheetProxy","creatableInModule":"ti.bottomsheet.TiBottomsheetModule","parentModule":"org.appcelerator.kroll.annotations.Kroll.DEFAULT"}]}}}